username,method,attempts,time_seconds,cracked_password
user1,caesar,1304,0.00,brasil
user2,caesar,24074,0.03,ladeda
user3,caesar,28127,0.04,anduril
user4,caesar,25215,0.02,passworld
user5,caesar,25748,0.02,sue
user6,caesar,10926,0.01,ron
user7,caesar,26041,0.02,palawan
user8,caesar,27532,0.02,sinsin
user9,caesar,33185,0.03,psytrance
user10,caesar,7882,0.01,kristal
user11,caesar,28681,0.02,osama
user12,caesar,21130,0.01,caspian
user13,caesar,4223,0.00,michela
user14,caesar,7316,0.01,shoes
user15,hill,25742,0.01,tecumseh
user16,hill,6759,0.00,spinner
user17,hill,6925,0.00,prettyme
user18,hill,17419,0.01,xzxzxz
user19,hill,17986,0.03,sassas
user20,hill,5984,0.00,bisous
user21,hill,15841,0.01,ljubav
user22,hill,216,0.00,success
user23,hill,21938,0.01,toulon
user24,hill,31289,0.01,mentiras
user25,hill,15037,0.01,pisolo
user26,hill,27018,0.01,kor
user27,hill,21973,0.01,sumathi
user28,hill,19388,0.01,adele
user29,affine,3256,0.00,chickens
user30,affine,5725,0.01,engine
user31,affine,6461,0.01,unlimited
user32,affine,23811,0.04,ercole
user33,affine,27007,0.02,monkeyball
user34,affine,12598,0.01,zxcvvcxz
user35,affine,5082,0.00,margaux
user36,affine,8390,0.01,valeri
user37,affine,28127,0.02,anduril
user38,affine,27863,0.02,myword
user39,affine,26232,0.02,haruna
user40,affine,985,0.00,enigma
user41,affine,7988,0.01,doughboy
user42,affine,1798,0.00,herman
user43,ecb,24307,0.11,dude1234
user44,ecb,54807,0.24,bambam11
user45,ecb,46525,0.18,jacks1
user46,ecb,35226,0.14,hopkins1
user47,ecb,83803,0.34,lanalana
user48,ecb,21721,0.09,wareagle1
user49,ecb,86573,0.35,ghjcnjghjcnj
user50,ecb,90596,0.38,halo3rules
user51,ecb,74646,0.31,honeys1
user52,ecb,18441,0.07,shorty14
user53,ecb,35624,0.14,girl11
user54,ecb,12051,0.05,sonata
user55,ecb,92784,0.37,rossi1
user56,ecb,14693,0.06,eastwood
user57,cbc,31620,0.13,sissi
user58,cbc,37830,0.18,bailey!
user59,cbc,92216,0.38,mindanao
user60,cbc,93915,0.39,hedimaptfcorp
user61,cbc,46473,0.19,austin15
user62,cbc,88502,0.36,goody2shoe
user63,cbc,31317,0.13,deeppurple
user64,cbc,74616,0.30,04031994
user65,cbc,64446,0.26,Spiderman1
user66,cbc,59779,0.24,pepper9
user67,cbc,22990,0.10,jones123
user68,cbc,58789,0.23,1qazxsw23edcvfr4
user69,cbc,26280,0.10,rockydog
user70,cbc,83498,0.33,movingon1
user71,sha256,25576,0.04,jaden
user72,sha256,33180,0.07,joan
user73,sha256,24200,0.05,whyme
user74,sha256,68961,0.09,walton1
user75,sha256,97856,0.13,Joanne
user76,sha256,68843,0.09,collect
user77,sha256,55602,0.07,001972
user78,sha256,61827,0.10,280392
user79,sha256,41512,0.04,31051990
user80,sha256,61646,0.10,stevevai
user81,sha256,22407,0.02,hottie23
user82,sha256,23956,0.04,davidstrokov
user83,sha256,23527,0.03,bayrafis
user84,sha256,67802,0.09,130695
user85,bcrypt,0,0.00,*
user86,bcrypt,0,0.00,*
user87,bcrypt,0,0.00,*
user88,bcrypt,0,0.00,*
user89,bcrypt,0,0.00,*
user90,bcrypt,0,0.00,*
user91,bcrypt,0,0.00,*
user92,bcrypt,0,0.00,*
user93,bcrypt,0,0.00,*
user94,bcrypt,0,0.00,*
user95,bcrypt,0,0.00,*
user96,bcrypt,0,0.00,*
user97,bcrypt,0,0.00,*
user98,bcrypt,0,0.00,*
