username,method,originalPassword,crackedPassword,encryption_key
user85,bcrypt,scooter13,*,"10"
user86,bcrypt,best123,*,"14"
user87,bcrypt,ASSHOLE,*,"10"
user88,bcrypt,gianni1,*,"12"
user89,bcrypt,fresh22,*,"11"
user90,bcrypt,15051996,*,"12"
user91,bcrypt,q123123,*,"11"
user92,bcrypt,abc123xyz,*,"14"
user93,bcrypt,123123123123,*,"13"
user94,bcrypt,stratfor,*,"11"
user95,bcrypt,flavio,*,"8"
user96,bcrypt,lineup1,*,"11"
user97,bcrypt,4567890,*,"8"
user98,bcrypt,bnfkbz,*,"8"

# Potriviri (case-insensitive): 84 / 98