username,password,method,encryption_key
user1,BRASIL,caesar,14
user2,ladeda,caesar,15
user3,anduril,caesar,21
user4,passworld,caesar,15
user5,sue,caesar,5
user6,ron,caesar,12
user7,palawan,caesar,7
user8,sinsin,caesar,17
user9,psytrance,caesar,5
user10,kristal,caesar,10
user11,osama,caesar,6
user12,caspian,caesar,7
user13,michela,caesar,14
user14,shoes,caesar,14
user15,tecumseh,hill,"[[9,7],[12,17]]"
user16,Spinner,hill,"[[0,5],[15,20]]"
user17,prettyme,hill,"[[25,12],[9,17]]"
user18,xzxzxz,hill,"[[20,21],[13,24]]"
user19,sassas,hill,"[[22,17],[19,5]]"
user20,bisous,hill,"[[0,17],[1,1]]"
user21,ljubav,hill,"[[5,2],[23,15]]"
user22,Success,hill,"[[3,3],[19,14]]"
user23,toulon,hill,"[[15,12],[9,5]]"
user24,mentiras,hill,"[[24,7],[11,16]]"
user25,pisolo,hill,"[[19,14],[1,19]]"
user26,kor,hill,"[[25,3],[0,25]]"
user27,sumathi,hill,"[[23,19],[0,3]]"
user28,adele,hill,"[[12,15],[23,25]]"
user29,chickens,affine,"{"a":23,"b":15}"
user30,engine,affine,"{"a":5,"b":12}"
user31,unlimited,affine,"{"a":21,"b":12}"
user32,ercole,affine,"{"a":9,"b":9}"
user33,monkeyball,affine,"{"a":21,"b":10}"
user34,zxcvvcxz,affine,"{"a":9,"b":11}"
user35,margaux,affine,"{"a":5,"b":5}"
user36,valeri,affine,"{"a":19,"b":20}"
user37,anduril,affine,"{"a":7,"b":17}"
user38,myword,affine,"{"a":21,"b":21}"
user39,haruna,affine,"{"a":21,"b":19}"
user40,enigma,affine,"{"a":17,"b":2}"
user41,doughboy,affine,"{"a":21,"b":22}"
user42,herman,affine,"{"a":19,"b":7}"
user43,dude1234,ecb,52edcdf95fbbf842274fa4a6f8a0db55
user44,bambam11,ecb,43438e9f46edda009de6b450829db13e
user45,jacks1,ecb,598496a65dd30e257bd575e8b01680c7
user46,hopkins1,ecb,4a0ebc400e2d768a72156d2f2bdd4edd
user47,lanalana,ecb,f22a83ba9d923932508fd8b310ed2244
user48,wareagle1,ecb,d08d9cecde2bbb9598f42cf526c0bafd
user49,ghjcnjghjcnj,ecb,b320f84b9961c88ee67129b962fda550
user50,halo3rules,ecb,b7637b8031f378042b4cf9ebc57c9603
user51,honeys1,ecb,f1a2c7107017eedc684524ac4c00d9b0
user52,shorty14,ecb,d0f4160d1b2bbbd3c796de7d9f028891
user53,girl11,ecb,650b70afcb6f98eae45f46de7c5efd13
user54,sonata,ecb,b5b0deb8ef71afb157d9948d3693fad4
user55,rossi1,ecb,1088e09b63840463e35a1adb78d54fb3
user56,eastwood,ecb,144b9e23529bcca50b0ab848b84b5f3d
user57,sissi,cbc,2b3f402b342ecc3a06e289a43eb64b72
user58,bailey!,cbc,82a37dcfc353c2437a6db7de8d3c47ca
user59,mindanao,cbc,edfca1a59add9ec8ff124cc149c45c42
user60,hedimaptfcorp,cbc,ce88112a58fcca11004791721ae73d06
user61,austin15,cbc,b6dec35b537a217741a83c61c30be55f
user62,goody2shoe,cbc,73710f9ae8dfd60f619d1b9c62ae6f83
user63,deeppurple,cbc,fbdda04772ee702a3274032865096310
user64,04031994,cbc,33404a31516ecbb683572a7476c089ad
user65,Spiderman1,cbc,f91e195843e920842a4ec291bef82074
user66,pepper9,cbc,223a3c8ac6640fdec22cdcd800a2ee7e
user67,jones123,cbc,b488654bc07ad3ae394ed59176920e13
user68,1qazxsw23edcvfr4,cbc,16996091f43c093f8f0c2913467854de
user69,rockydog,cbc,7dfecf5f109ede265a01637672dd14d6
user70,movingon1,cbc,14bc783eba6e127125da86c59ee814e7
user71,jaden,sha256,4231f93f
user72,joan,sha256,bf3d6c5e
user73,whyme,sha256,759834ed
user74,walton1,sha256,0db61018
user75,Joanne,sha256,efbeb070
user76,collect,sha256,7bc5c5d0
user77,001972,sha256,643bf4c6
user78,280392,sha256,5d8c9f93
user79,31051990,sha256,19f64020
user80,stevevai,sha256,8e592ca5
user81,hottie23,sha256,f8049f12
user82,davidstrokov,sha256,9fe7f846
user83,bayrafis,sha256,25cf8c72
user84,130695,sha256,4852fc3f
user85,scooter13,bcrypt,10
user86,best123,bcrypt,14
user87,ASSHOLE,bcrypt,10
user88,gianni1,bcrypt,12
user89,fresh22,bcrypt,11
user90,15051996,bcrypt,12
user91,q123123,bcrypt,11
user92,abc123xyz,bcrypt,14
user93,123123123123,bcrypt,13
user94,stratfor,bcrypt,11
user95,flavio,bcrypt,8
user96,lineup1,bcrypt,11
user97,4567890,bcrypt,8
user98,bnfkbz,bcrypt,8