username,password,method,encryption_key
user1,PFOGWZ,caesar,"14"
user2,APSTSP,caesar,"15"
user3,VIYPMDG,caesar,"21"
user4,EPHHLDGAS,caesar,"15"
user5,XZJ,caesar,"5"
user6,DAZ,caesar,"12"
user7,WHSHDHU,caesar,"7"
user8,JZEJZE,caesar,"17"
user9,UXDYWFSHJ,caesar,"5"
user10,UBSCDKV,caesar,"10"
user11,UYGSG,caesar,"6"
user12,JHZWPHU,caesar,"7"
user13,AWQVSZO,caesar,"14"
user14,GVCSG,caesar,"14"
user15,RKCAAIHL,hill,"[[9,7],[12,17]]"
user16,XYNQUPLN,hill,"[[0,5],[15,20]]"
user17,HIQVJHKU,hill,"[[25,12],[9,17]]"
user18,XPXPXP,hill,"[[20,21],[13,24]]"
user19,GEAQUM,hill,"[[22,17],[19,5]]"
user20,GJEGUM,hill,"[[0,17],[1,1]]"
user21,VYYHQD,hill,"[[5,2],[23,15]]"
user22,KYMOOQTO,hill,"[[3,3],[19,14]]"
user23,LHQBCJ,hill,"[[15,12],[9,5]]"
user24,EODFZWWC,hill,"[[24,7],[11,16]]"
user25,HLSYPR,hill,"[[19,14],[1,19]]"
user26,GMAD,hill,"[[25,3],[0,25]]"
user27,OIQAYVXR,hill,"[[23,19],[0,3]]"
user28,TXFDDR,hill,"[[12,15],[23,25]]"
user29,JURJLDCN,affine,"{""a"":23,""b"":15}"
user30,GZQAZG,affine,"{""a"":5,""b"":12}"
user31,QZJYEYVSX,affine,"{""a"":21,""b"":12}"
user32,TGBFET,affine,"{""a"":9,""b"":9}"
user33,CSXMQUFKHH,affine,"{""a"":21,""b"":10}"
user34,CKDSSDKC,affine,"{""a"":9,""b"":11}"
user35,NFMJFBQ,affine,"{""a"":5,""b"":5}"
user36,DUVSFQ,affine,"{""a"":19,""b"":20}"
user37,REMBGVQ,affine,"{""a"":7,""b"":17}"
user38,NFPDOG,affine,"{""a"":21,""b"":21}"
user39,KTMXGT,affine,"{""a"":21,""b"":19}"
user40,SPIAYC,affine,"{""a"":17,""b"":2}"
user41,HEASNREG,affine,"{""a"":21,""b"":22}"
user42,KFSBHU,affine,"{""a"":19,""b"":7}"
user43,75dda9e5d00770f28f34703d6e8098e6,ecb,"52edcdf95fbbf842274fa4a6f8a0db55"
user44,83e21f30e2b05cef234a6b63d450fa8d,ecb,"43438e9f46edda009de6b450829db13e"
user45,6c99515a9a79c059163fadd8a7b3fa0a,ecb,"598496a65dd30e257bd575e8b01680c7"
user46,7eaeaa06b2ae69a14daaf20881ada683,ecb,"4a0ebc400e2d768a72156d2f2bdd4edd"
user47,dd6a68661b19bc8da0b7e79de52752db,ecb,"f22a83ba9d923932508fd8b310ed2244"
user48,ab27289784eed76c9a23071d6c9f2538,ecb,"d08d9cecde2bbb9598f42cf526c0bafd"
user49,503dd5d2a9e8efe44bfc442e1987994d,ecb,"b320f84b9961c88ee67129b962fda550"
user50,c72bbe60acef05ae351b88892a1139f0,ecb,"b7637b8031f378042b4cf9ebc57c9603"
user51,8969823a19456575a85927b6b977658c,ecb,"f1a2c7107017eedc684524ac4c00d9b0"
user52,edcf118cb85f4b1fd9d8ac28980f2c8a,ecb,"d0f4160d1b2bbbd3c796de7d9f028891"
user53,6b5dc627470a759aef5a85736d54d4ba,ecb,"650b70afcb6f98eae45f46de7c5efd13"
user54,7dd3524736022082a79aed6f9461d60c,ecb,"b5b0deb8ef71afb157d9948d3693fad4"
user55,ccba475dd4bf8e614574995fff3a6a01,ecb,"1088e09b63840463e35a1adb78d54fb3"
user56,ee098f318871cbde86ce8242fc29fe28,ecb,"144b9e23529bcca50b0ab848b84b5f3d"
user57,2d879ad0e21397c378f45d31d540739f,cbc,"2b3f402b342ecc3a06e289a43eb64b72"
user58,9c26e4d3512222196fcb8d4b8c3143ad,cbc,"82a37dcfc353c2437a6db7de8d3c47ca"
user59,2593430de44aad901da721b706e532e4,cbc,"edfca1a59add9ec8ff124cc149c45c42"
user60,6b90502dee20b4e2552b8cce951a4e97,cbc,"ce88112a58fcca11004791721ae73d06"
user61,21bf130f6e71c436892793b7b128d6ff,cbc,"b6dec35b537a217741a83c61c30be55f"
user62,c541693b2f44c0871d548ae851a65a52,cbc,"73710f9ae8dfd60f619d1b9c62ae6f83"
user63,30390ea1faf9325ecfda42ba3ba045cc,cbc,"fbdda04772ee702a3274032865096310"
user64,049ba2e699b7a1ddc469025e37f5f641,cbc,"33404a31516ecbb683572a7476c089ad"
user65,bb90234b5e5f1c5408275837c236debc,cbc,"f91e195843e920842a4ec291bef82074"
user66,d88c5196b38ab28d19c924b6faa6b3b4,cbc,"223a3c8ac6640fdec22cdcd800a2ee7e"
user67,4ec0d9f0d57c78c5f450928d749a7c97,cbc,"b488654bc07ad3ae394ed59176920e13"
user68,fa9afca82d855bc86f3fce139c04b3c1,cbc,"16996091f43c093f8f0c2913467854de"
user69,871c6164332c84beb89f4902efd22f73,cbc,"7dfecf5f109ede265a01637672dd14d6"
user70,3c6379fe0a91101881fc55365de9436b,cbc,"14bc783eba6e127125da86c59ee814e7"
user71,2220a550e0fddd0a59316a5e72ae4a7dfe6ecd63bb046aba23a65213b53769e1,sha256,"4231f93f"
user72,e1beae29024804c93eb72f235ced5a1385e0ad4bb2339e7da2df1315e0de7ff4,sha256,"bf3d6c5e"
user73,a05d4587c665f1d263c4e4e6ee570d9f6e0ad3c1c1a139245c0560c457b1c006,sha256,"759834ed"
user74,a64c82c0942d8dc5c17fc4684a8c897a432ae3fe2dec541a7fa6b4fcb810881c,sha256,"0db61018"
user75,dadd3bb99e3cc8fbbd1812dee3aa8702842fa5d834f0f2db5f03e15874101964,sha256,"efbeb070"
user76,2b047ed3123c68a22149dfc8f6b936114f556991c345bc6aec4bd5894ae866bb,sha256,"7bc5c5d0"
user77,b2488cab78769d497925c6ed582f5edb81e842eb3573a1c3318c593ab68d8ea9,sha256,"643bf4c6"
user78,2767a1397a947c1b45e6bf8d3e7b5344a3f16f51acb75c975f6d475a1f7d946c,sha256,"5d8c9f93"
user79,47abd83d4b1212f520714c2d3ac93012d617648556f934da588cf30351ad5bbe,sha256,"19f64020"
user80,799bad52c04dd2705236f8865f0788819ca9fef8ccc123b790813e079e4bda87,sha256,"8e592ca5"
user81,fa05141d57024d41470e94adbfb70fca63aba96a8f853f6c9c1d1dac8d9e78d0,sha256,"f8049f12"
user82,b6be65a84cf45f601929ba280c251af6a2f0567153356d54876ff43638a498b0,sha256,"9fe7f846"
user83,ef146923d9ff5066050771dd9604a7b9ece1d1b3dfc993d4a8a35cec6a422604,sha256,"25cf8c72"
user84,8306c9acc80e13a180e772e4b091adb9c3caa9fdf80f938ea49ae611ae3a364c,sha256,"4852fc3f"
user85,$2b$10$561k6bwK6X6xg2ikubLHzeVxTVECm93GnBc8FsYTd5gIy6BGLWYma,bcrypt,"10"
user86,$2b$10$YUS2MTQMrEOlc09UHN8I.ePvGgP93Eo9f90fy0aQE0Gfw5eeMdMfq,bcrypt,"14"
user87,$2b$10$MN0qrxhZleBf6RRC00UPX.2W4LHv9TwhZBJSyRW7.PYAcNIbKAwSS,bcrypt,"10"
user88,$2b$10$mi8vlmUAstF63AFFNHBRPOEWWwHaZFdnPvMiQUbBsUDiBmOAqomme,bcrypt,"12"
user89,$2b$10$bcmM.TFEv6RRKZpj5/.YKug/ngu3teT4Wi/4XWc1mTufPHADS8G9O,bcrypt,"11"
user90,$2b$10$P9l3HbO0/nuK2IGHVcKD0eqpMOosRgAiS6nmTyMrMRFSoxLleF17i,bcrypt,"12"
user91,$2b$10$JOLfQ5CqpLT9Xpm68DhvxOLCRXfCoBUwYADyZJ4fnlyu.npLFLcHS,bcrypt,"11"
user92,$2b$10$vHw6ePVBEQjfqgG.n6NUru0AGbtdAp6Q9xevqXGDVQ6uMjXZqLIIm,bcrypt,"14"
user93,$2b$10$zUc3CzhLto7LJhY2AJKvKeSCZRriUfEzG4AttTnZBrOO3/UJC5Zri,bcrypt,"13"
user94,$2b$10$gJftKP1kbwdlKBmbHOMW.eea3ESchnf65WC5APaK5Pd5zqKO76eOO,bcrypt,"11"
user95,$2b$10$/Q1JPjdGbguDvVpFqP9nGOTcrnVFC1AhkoMbJ613q/0E/lkpdJDnW,bcrypt,"8"
user96,$2b$10$yIo6hGIl/v9S2pXGNNhg2uM6eX/im824H8m8rjAktlG1Pa2YhLAo6,bcrypt,"11"
user97,$2b$10$fMlNsoYxFxE7/NiFikbkp.MBhFw4rWlyWGZzYiIYEPKNyPXcdeqaC,bcrypt,"8"
user98,$2b$10$euDPJiP.oHKJ.5SEWzJoJuYVlUn1t7/2ERPMm2eqJACIIyBT9YbOq,bcrypt,"8"